degree_class_code;degree_class_name_it;degree_class_number;programme_type_code;degree_class_name_en
LT1;Biotecnologie;1;LT;
LT2;Scienze dei servizi giuridici;2;LT;
LT3;Scienze della mediazione linguistica;3;LT;
LT4;Scienze dell'architettura e dell'ingegneria edile;4;LT;
LT5;Lettere;5;LT;
LT6;Scienze del servizio sociale;6;LT;
LT7;Urbanistica e scienze della pianificazione territoriale e ambientale;7;LT;
LT8;Ingegneria civile e ambientale;8;LT;
LT9;Ingegneria dell'informazione;9;LT;
LT10;Ingegneria industriale;10;LT;
LT11;Lingue e culture moderne;11;LT;
LT12;Scienze biologiche;12;LT;
LT13;Scienze dei beni culturali;13;LT;
LT14;Scienze della comunicazione;14;LT;
LT15;Scienze politiche e delle relazioni internazionali;15;LT;
LT16;Scienze della Terra;16;LT;
LT17;Scienze dell'economia e della gestione aziendale;17;LT;
LT18;Scienze dell'educazione e della formazione;18;LT;
LT19;Scienze dell'amministrazione;19;LT;
LT20;Scienze e tecnologie agrarie, agroalimentari e forestali;20;LT;
LT21;Scienze e tecnologie chimiche;21;LT;
LT22;Scienze e tecnologie della navigazione marittima e aerea;22;LT;
LT23;Scienze e tecnologie delle arti figurative, della musica, dello spettacolo e della moda;23;LT;
LT24;Scienze e tecnologie farmaceutiche;24;LT;
LT25;Scienze e tecnologie fisiche;25;LT;
LT26;Scienze e tecnologie informatiche;26;LT;
LT27;Scienze e tecnologie per l'ambiente e la natura;27;LT;
LT28;Scienze economiche;28;LT;
LT29;Filosofia;29;LT;
LT30;Scienze geografiche;30;LT;
LT31;Scienze giuridiche;31;LT;
LT32;Scienze matematiche;32;LT;
LT33;Scienze delle attivita motorie e sportive;33;LT;
LT34;Scienze e tecniche psicologiche;34;LT;
LT35;Scienze sociali per la cooperazione, lo sviluppo e la pace;35;LT;
LT36;Scienze sociologiche;36;LT;
LT37;Scienze statistiche;37;LT;
LT38;Scienze storiche;38;LT;
LT39;Scienze del turismo;39;LT;
LT40;Scienze e tecnologie zootecniche e delle produzioni animali;40;LT;
LT41;Tecnologie per la conservazione e il restauro dei beni culturali;41;LT;
LT42;Disegno industriale;42;LT;
LTSNT1;Professioni sanitarie, infermieristiche e professione sanitaria ostetrica;SNT/1;LT;
LTSNT2;Professioni sanitarie della riabilitazione;SNT/2;LT;
LTSNT3;Professioni sanitarie tecniche;SNT/3;LT;
LTSNT4;Professioni sanitarie della prevenzione;SNT/4;LT;
LTDS1;Scienze della difesa e della sicurezza;DS/1;LT;
LS01S;Specialistiche in antropologia culturale ed etnologia;1/S;LS;
LS02S;Specialistiche in archeologia;2/S;LS;
LS03S;Specialistiche in architettura del paesaggio;3/S;LS;
LS04S;Specialistiche in architettura e ingegneria edile;4/S;LS;
LS05S;Specialistiche in archivistica e biblioteconomia;5/S;LS;
LS06S;Specialistiche in biologia;6/S;LS;
LS07S;Specialistiche in biotecnologie agrarie;7/S;LS;
LS08S;Specialistiche in biotecnologie industriali;8/S;LS;
LS09S;Specialistiche in biotecnologie mediche, veterinarie e farmaceutiche;9/S;LS;
LS10S;Specialistiche in conservazione dei beni architettonici e ambientali;10/S;LS;
LS11S;Specialistiche in conservazione dei beni scientifici e della civilta industriale;11/S;LS;
LS12S;Specialistiche in conservazione e restauro del patrimonio storico-artistico;12/S;LS;
LS13S;Specialistiche in editoria, comunicazione multimediale e giornalismo;13/S;LS;
TU14S;Specialistiche in farmacia e farmacia industriale;14/S;TU;
LS15S;Specialistiche in filologia e letterature dell'antichita;15/S;LS;
LS16S;Specialistiche in filologia moderna;16/S;LS;
LS17S;Specialistiche in filosofia e storia della scienza;17/S;LS;
LS18S;Specialistiche in filosofia teoretica, morale, politica ed estetica;18/S;LS;
LS19S;Specialistiche in finanza;19/S;LS;
LS20S;Specialistiche in fisica;20/S;LS;
LS21S;Specialistiche in geografia;21/S;LS;
LS22S;Specialistiche in giurisprudenza;22/S;LS;
LS23S;Specialistiche in informatica;23/S;LS;
LS24S;Specialistiche in informatica per le discipline umanistiche;24/S;LS;
LS25S;Specialistiche in ingegneria aerospaziale e astronautica;25/S;LS;
LS26S;Specialistiche in ingegneria biomedica;26/S;LS;
LS27S;Specialistiche in ingegneria chimica;27/S;LS;
LS28S;Specialistiche in ingegneria civile;28/S;LS;
LS29S;Specialistiche in ingegneria dell'automazione;29/S;LS;
LS30S;Specialistiche in ingegneria delle telecomunicazioni;30/S;LS;
LS31S;Specialistiche in ingegneria elettrica;31/S;LS;
LS32S;Specialistiche in ingegneria elettronica;32/S;LS;
LS33S;Specialistiche in ingegneria energetica e nucleare;33/S;LS;
LS34S;Specialistiche in ingegneria gestionale;34/S;LS;
LS35S;Specialistiche in ingegneria informatica;35/S;LS;
LS36S;Specialistiche in ingegneria meccanica;36/S;LS;
LS37S;Specialistiche in ingegneria navale;37/S;LS;
LS38S;Specialistiche in ingegneria per l'ambiente e il territorio;38/S;LS;
LS39S;Specialistiche in interpretariato di conferenza;39/S;LS;
LS40S;Specialistiche in lingua e cultura italiana;40/S;LS;
LS41S;Specialistiche in lingue e letterature afroasiatiche;41/S;LS;
LS42S;Specialistiche in lingue e letterature moderne euroamericane;42/S;LS;
LS43S;Specialistiche in lingue straniere per la comunicazione internazionale;43/S;LS;
LS44S;Specialistiche in linguistica;44/S;LS;
LS45S;Specialistiche in matematica;45/S;LS;
TU46S;Specialistiche in medicina e chirurgia;46/S;TU;
TU47S;Specialistiche in medicina veterinaria;47/S;TU;
LS48S;Specialistiche in metodi per l'analisi valutativa dei sistemi complessi;48/S;LS;
LS49S;Specialistiche in metodi per la ricerca empirica nelle scienze sociali;49/S;LS;
LS50S;Specialistiche in modellistica matematico-fisica per l'ingegneria;50/S;LS;
LS51S;Specialistiche in musicologia e beni musicali;51/S;LS;
TU52S;Specialistiche in odontoiatria e protesi dentaria;52/S;TU;
LS53S;Specialistiche in organizzazione e gestione dei servizi per lo sport e le attivita motorie;53/S;LS;
LS54S;Specialistiche in pianificazione territoriale urbanistica e ambientale;54/S;LS;
LS55S;Specialistiche in progettazione e gestione dei sistemi turistici;55/S;LS;
LS56S;Specialistiche in programmazione e gestione dei servizi educativi e formativi;56/S;LS;
LS57S;Specialistiche in programmazione e gestione delle politiche e dei servizi sociali;57/S;LS;
LS58S;Specialistiche in psicologia;58/S;LS;
LS59S;Specialistiche in pubblicita e comunicazione d'impresa;59/S;LS;
LS60S;Specialistiche in relazioni internazionali;60/S;LS;
LS61S;Specialistiche in scienza e ingegneria dei materiali;61/S;LS;
LS62S;Specialistiche in scienze chimiche;62/S;LS;
LS63S;Specialistiche in scienze cognitive;63/S;LS;
LS64S;Specialistiche in scienze dell'economia;64/S;LS;
LS65S;Specialistiche in scienze dell'educazione degli adulti e della formazione continua;65/S;LS;
LS66S;Specialistiche in scienze dell'universo;66/S;LS;
LS67S;Specialistiche in scienze della comunicazione sociale e istituzionale;67/S;LS;
LS68S;Specialistiche in scienze della natura;68/S;LS;
LS69S;Specialistiche in scienze della nutrizione umana;69/S;LS;
LS70S;Specialistiche in scienze della politica;70/S;LS;
LS71S;Specialistiche in scienze delle pubbliche amministrazioni;71/S;LS;
LS72S;Specialistiche in scienze delle religioni;72/S;LS;
LS73S;Specialistiche in scienze dello spettacolo e della produzione multimediale;73/S;LS;
LS74S;Specialistiche in scienze e gestione delle risorse rurali e forestali;74/S;LS;
LS75S;Specialistiche in scienze e tecnica dello sport;75/S;LS;
LS76S;Specialistiche in scienze e tecniche delle attivita motorie preventive e adattative;76/S;LS;
LS77S;Specialistiche in scienze e tecnologie agrarie;77/S;LS;
LS78S;Specialistiche in scienze e tecnologie agroalimentari;78/S;LS;
LS79S;Specialistiche in scienze e tecnologie agrozootecniche;79/S;LS;
LS80S;Specialistiche in scienze e tecnologie dei sistemi di navigazione;80/S;LS;
LS81S;Specialistiche in scienze e tecnologie della chimica industriale;81/S;LS;
LS82S;Specialistiche in scienze e tecnologie per l'ambiente e il territorio;82/S;LS;
LS83S;Specialistiche in scienze economiche per l'ambiente e la cultura;83/S;LS;
LS84S;Specialistiche in scienze economico-aziendali;84/S;LS;
LS85S;Specialistiche in scienze geofisiche;85/S;LS;
LS86S;Specialistiche in scienze geologiche;86/S;LS;
LS87S;Specialistiche in scienze pedagogiche;87/S;LS;
LS88S;Specialistiche in scienze per la cooperazione allo sviluppo;88/S;LS;
LS89S;Specialistiche in sociologia;89/S;LS;
LS90S;Specialistiche in statistica demografica e sociale;90/S;LS;
LS91S;Specialistiche in statistica economica, finanziaria ed attuariale;91/S;LS;
LS92S;Specialistiche in statistica per la ricerca sperimentale;92/S;LS;
LS93S;Specialistiche in storia antica;93/S;LS;
LS94S;Specialistiche in storia contemporanea;94/S;LS;
LS95S;Specialistiche in storia dell'arte;95/S;LS;
LS96S;Specialistiche in storia della filosofia;96/S;LS;
LS97S;Specialistiche in storia medievale;97/S;LS;
LS98S;Specialistiche in storia moderna;98/S;LS;
LS99S;Specialistiche in studi europei;99/S;LS;
LS100S;Specialistiche in tecniche e metodi per la societa dell'informazione;100/S;LS;
LS101S;Specialistiche in teoria della comunicazione;101/S;LS;
LS102S;Specialistiche in teoria e tecniche della normazione e dell'informazione giuridica;102/S;LS;
LS103S;Specialistiche in teorie e metodi del disegno industriale;103/S;LS;
LS104S;Specialistiche in traduzione letteraria e in traduzione tecnico-scientifica;104/S;LS;
LSDSS;Specialistiche nelle scienze della difesa e della sicurezza;DS/S;LS;
LSSNTSPEC1;Specialistiche nelle scienze infermieristiche e ostetriche;SNT_SPEC/1;LS;
LSSNTSPEC2;Specialistiche nelle scienze delle professioni sanitarie della riabilitazione;SNT_SPEC/2;LS;
LSSNTSPEC3;Specialistiche nelle scienze delle professioni sanitarie tecniche;SNT_SPEC/3;LS;
LSSNTSPEC4;Specialistiche nelle scienze delle professioni sanitarie della prevenzione;SNT_SPEC/4;LS;
TU4SCU;Scienze dell'architettura e dell'ingegneria edile - Ciclo Unico;4/S C.U.;TU;
LV18bis;Scienze della Formazione Primaria - Quadriennale;18-bis;LV;
LV31bis;Scienze giuridiche - Quinquennale;31-bis;LV;
MTL1;Beni culturali;L-1;MT;
MTL2;Biotecnologie;L-2;MT;
MTL3;Discipline delle arti figurative, della musica, dello spettacolo e della moda;L-3;MT;
MTL4;Disegno industriale;L-4;MT;
MTL5;Filosofia;L-5;MT;
MTL6;Geografia;L-6;MT;
MTL7;Ingegneria civile e ambientale;L-7;MT;
MTL8;Ingegneria dell'informazione;L-8;MT;
MTL9;Ingegneria industriale;L-9;MT;
MTL10;Lettere;L-10;MT;
MTL11;Lingue e culture moderne;L-11;MT;
MTL12;Mediazione linguistica;L-12;MT;
MTL13;Scienze biologiche;L-13;MT;
MTL14;Scienze dei servizi giuridici;L-14;MT;
MTL15;Scienze del turismo;L-15;MT;
MTL16;Scienze dell'amministrazione e dell'organizzazione;L-16;MT;
MTL17;Scienze dell'architettura;L-17;MT;
MTL18;Scienze dell'economia e della gestione aziendale;L-18;MT;
MTL19;Scienze dell'educazione e della formazione;L-19;MT;
MTL20;Scienze della comunicazione;L-20;MT;
MTL21;Scienze della pianificazione territoriale, urbanistica, paesaggistica e ambientale;L-21;MT;
MTL22;Scienze delle attività motorie e sportive;L-22;MT;
MTL23;Scienze e tecniche dell'edilizia;L-23;MT;
MTL24;Scienze e tecniche psicologiche;L-24;MT;
MTL25;Scienze e tecnologie agrarie e forestali;L-25;MT;
MTL26;Scienze e tecnologie alimentari;L-26;MT;
MTL27;Scienze e tecnologie chimiche;L-27;MT;
MTL28;Scienze e tecnologie della navigazione;L-28;MT;
MTL29;Scienze e tecnologie farmaceutiche;L-29;MT;
MTL30;Scienze e tecnologie fisiche;L-30;MT;
MTL31;Scienze e tecnologie informatiche;L-31;MT;
MTL32;Scienze e tecnologie per l'ambiente e la natura;L-32;MT;
MTL33;Scienze economiche;L-33;MT;
MTL34;Scienze geologiche;L-34;MT;
MTL35;Scienze matematiche;L-35;MT;
MTL36;Scienze politiche e delle relazioni internazionali;L-36;MT;
MTL37;Scienze sociali per la cooperazione, lo sviluppo e la pace;L-37;MT;
MTL38;Scienze zootecniche e tecnologie delle produzioni animali;L-38;MT;
MTL39;Servizio sociale;L-39;MT;
MTL40;Sociologia;L-40;MT;
MTL41;Statistica;L-41;MT;
MTL42;Storia;L-42;MT;
MTL43;Diagnostica per la conservazione dei beni culturali;L-43;MT;
MTLSNT1;Professioni sanitarie, infermieristiche e professione sanitaria ostetrica;L/SNT1;MT;
MTLSNT2;Professioni sanitarie della riabilitazione;L/SNT2;MT;
MTLSNT3;Professioni sanitarie tecniche;L/SNT3;MT;
MTLSNT4;Professioni sanitarie della prevenzione;L/SNT4;MT;
MTLSC;Scienze criminologiche e della sicurezza;L/SC;MT;
MTLDS;Scienze della difesa e della sicurezza;L/DS;MT;
MTLGASTR;Scienze, culture e politiche della gastronomia;L/GASTR;MT;
MTLP01;Professioni tecniche per l'edilizia e il territorio;L-P01;MT;
MTLP02;Professioni tecniche agrarie, alimentari e forestali;L-P02;MT;
MTLP03;Professioni tecniche industriali e dell’informazione;L-P03;MT;
MTLScMat;Scienze dei Materiali;L-Sc.Mat.;MT;
LMLMG01;Magistrali in giurisprudenza;LMG/01;LM;
MSLM1;Antropologia culturale ed etnologia;LM-1;MS;
MSLM2;Archeologia;LM-2;MS;
MSLM3;Architettura del paesaggio;LM-3;MS;
MSLM4;Architettura e ingegneria edile-architettura;LM-4;MS;
MSLM5;Archivistica e biblioteconomia;LM-5;MS;
MSLM6;Biologia;LM-6;MS;
MSLM7;Biotecnologie agrarie;LM-7;MS;
MSLM8;Biotecnologie industriali;LM-8;MS;
MSLM9;Biotecnologie mediche, veterinarie e farmaceutiche;LM-9;MS;
MSLM10;Conservazione dei beni architettonici e ambientali;LM-10;MS;
MSLM11;Scienze per la conservazione dei beni culturali;LM-11;MS;
MSLM12;Design;LM-12;MS;
LMLM13;Farmacia e farmacia industriale;LM-13;LM;
MSLM14;Filologia moderna;LM-14;MS;
MSLM15;Filologia, letterature e storia dell'antichità;LM-15;MS;
MSLM16;Finanza;LM-16;MS;
MSLM17;Fisica;LM-17;MS;
MSLM18;Informatica;LM-18;MS;
MSLM19;Informazione e sistemi editoriali;LM-19;MS;
MSLM20;Ingegneria aerospaziale e astronautica;LM-20;MS;
MSLM21;Ingegneria biomedica;LM-21;MS;
MSLM22;Ingegneria chimica;LM-22;MS;
MSLM23;Ingegneria civile;LM-23;MS;
MSLM24;Ingegneria dei sistemi edilizi;LM-24;MS;
MSLM25;Ingegneria dell'automazione;LM-25;MS;
MSLM26;Ingegneria della sicurezza;LM-26;MS;
MSLM27;Ingegneria delle telecomunicazioni;LM-27;MS;
MSLM28;Ingegneria elettrica;LM-28;MS;
MSLM29;Ingegneria elettronica;LM-29;MS;
MSLM30;Ingegneria energetica e nucleare;LM-30;MS;
MSLM31;Ingegneria gestionale;LM-31;MS;
MSLM32;Ingegneria informatica;LM-32;MS;
MSLM33;Ingegneria meccanica;LM-33;MS;
MSLM34;Ingegneria navale;LM-34;MS;
MSLM35;Ingegneria per l'ambiente e il territorio;LM-35;MS;
MSLM36;Lingue e letterature dell'Africa e dell'Asia;LM-36;MS;
MSLM37;Lingue e letterature moderne europee e americane;LM-37;MS;
MSLM38;Lingue moderne per la comunicazione e la cooperazione internazionale;LM-38;MS;
MSLM39;Linguistica;LM-39;MS;
MSLM40;Matematica;LM-40;MS;
LMLM41;Medicina e chirurgia;LM-41;LM;
LMLM42;Medicina veterinaria;LM-42;LM;
MSLM43;Metodologie informatiche per le discipline umanistiche;LM-43;MS;
MSLM44;Modellistica matematico-fisica per l'ingegneria;LM-44;MS;
MSLM45;Musicologia e beni musicali;LM-45;MS;
LMLM46;Odontoiatria e protesi dentaria;LM-46;LM;
MSLM47;Organizzazione e gestione dei servizi per lo sport e le attività motorie;LM-47;MS;
MSLM48;Pianificazione territoriale urbanistica e ambientale;LM-48;MS;
MSLM49;Progettazione e gestione dei sistemi turistici;LM-49;MS;
MSLM50;Programmazione e gestione dei servizi educativi;LM-50;MS;
MSLM51;Psicologia;LM-51;MS;
MSLM52;Relazioni internazionali;LM-52;MS;
MSLM53;Scienza e ingegneria dei materiali;LM-53;MS;
MSLM54;Scienze chimiche;LM-54;MS;
MSLM55;Scienze cognitive;LM-55;MS;
MSLM56;Scienze dell'economia;LM-56;MS;
MSLM57;Scienze dell'educazione degli adulti e della formazione continua;LM-57;MS;
MSLM58;Scienze dell'universo;LM-58;MS;
MSLM59;Scienze della comunicazione pubblica, d'impresa e pubblicità;LM-59;MS;
MSLM60;Scienze della natura;LM-60;MS;
MSLM61;Scienze della nutrizione umana;LM-61;MS;
MSLM62;Scienze della politica;LM-62;MS;
MSLM63;Scienze delle pubbliche amministrazioni;LM-63;MS;
MSLM64;Scienze delle religioni;LM-64;MS;
MSLM65;Scienze dello spettacolo e produzione multimediale;LM-65;MS;
MSLM66;Sicurezza informatica;LM-66;MS;
MSLM67;Scienze e tecniche delle attività motorie preventive e adattate;LM-67;MS;
MSLM68;Scienze e tecniche dello sport;LM-68;MS;
MSLM69;Scienze e tecnologie agrarie;LM-69;MS;
MSLM70;Scienze e tecnologie alimentari;LM-70;MS;
MSLM71;Scienze e tecnologie della chimica industriale;LM-71;MS;
MSLM72;Scienze e tecnologie della navigazione;LM-72;MS;
MSLM73;Scienze e tecnologie forestali ed ambientali;LM-73;MS;
MSLM74;Scienze e tecnologie geologiche;LM-74;MS;
MSLM75;Scienze e tecnologie per l'ambiente e il territorio;LM-75;MS;
MSLM76;Scienze economiche per l'ambiente e la cultura;LM-76;MS;
MSLM77;Scienze economico-aziendali;LM-77;MS;
MSLM78;Scienze filosofiche;LM-78;MS;
MSLM79;Scienze geofisiche;LM-79;MS;
MSLM80;Scienze geografiche;LM-80;MS;
MSLM81;Scienze per la cooperazione allo sviluppo;LM-81;MS;
MSLM82;Scienze statistiche;LM-82;MS;
MSLM83;Scienze statistiche attuariali e finanziarie;LM-83;MS;
MSLM84;Scienze storiche;LM-84;MS;
MSLM85;Scienze pedagogiche;LM-85;MS;
MSLM86;Scienze zootecniche e tecnologie  animali;LM-86;MS;
MSLM87;Servizio sociale e politiche sociali;LM-87;MS;
MSLM88;Sociologia e ricerca sociale;LM-88;MS;
MSLM89;Storia dell'arte;LM-89;MS;
MSLM90;Studi europei;LM-90;MS;
MSLM91;Tecniche e metodi per la società dell'informazione;LM-91;MS;
MSLM92;Teorie della comunicazione;LM-92;MS;
MSLM93;Teorie e metodologie dell'e-learning e della media education;LM-93;MS;
MSLM94;Traduzione specialistica e interpretariato;LM-94;MS;
MSLMSNT1;Scienze infermieristiche e ostetriche;LM/SNT1;MS;
MSLMSNT2;Scienze riabilitative delle professioni sanitarie;LM/SNT2;MS;
MSLMSNT3;Scienze delle professioni sanitarie tecniche;LM/SNT3;MS;
MSLMSNT4;Scienze delle professioni sanitarie della prevenzione;LM/SNT4;MS;
MSLMSC;Scienze criminologiche applicate all'investigazione e alla sicurezza;LM/SC;MS;
MSLMDS;Scienze della difesa e della sicurezza;LM/DS;MS;
LMLM4CU;Architettura e ingegneria edile-architettura (quinquennale);LM-4 C.U.;LM;
LMLM85bis;Scienze della formazione primaria;LM-85 bis;LM;
MSLM95;Classe di abilitazione A059 - Matematica e scienze nella scuola secondaria di I grado;LM-95;MS;
LMLMR02;Conservazione e restauro dei beni culturali;LMR/02;LM;
MSLM96;Classe di abilitazione A033 - Tecnologia;LM-96;MS;
MSLMGASTR;Scienze economiche  e sociali della gastronomia;LM/GASTR;MS;
MSLMSCGIUR;Scienze Giuridiche;LM/SC-GIUR;MS;
MSLMScMat;Scienze dei Materiali;LM-Sc.Mat.;MS;
MSLMData;Data Science;LM-Data;MS;
SDSAS5001;Classe Medicina clinica generale;SAS-5001;SD;
SDSAS5002;Classe Medicina specialistica;SAS-5002;SD;
SDSAS5003;Classe Neuroscienze e scienze cliniche del comportamento;SAS-5003;SD;
SDSAS5004;Classe Medicina clinica dell'età evolutiva;SAS-5004;SD;
SCSAS5005;Classe delle Chirurgie generali;SAS-5005;SC;
SCSAS5006;Classe delle Chirurgie specialistiche;SAS-5006;SC;
SCSAS5007;Classe delle Chirurgie del distretto testa e collo;SAS-5007;SC;
SCSAS5008;Classe delle Chirurgie cardio-toraco-vascolari;SAS-5008;SC;
SSSAS5009;Classe della Medicina diagnostica e di laboratorio;SAS-5009;SS;
SSSAS5010;Classe della diagnostica per immagini e radioterapia;SAS-5010;SS;
SSSAS5011;Classe dei servizi clinici specialistici;SAS-5011;SS;
SSSAS5012;Classe dei servizi clinici biomedici;SAS-5012;SS;
SSSAS5013;Classe delle specializzazioni in odontoiatria;SAS-5013;SS;
SSSAS5014;Classe della sanità pubblica;SAS-5014;SS;
SSSAS5015;Classe della farmaceutica;SAS-5015;SS;
SSSAS5016;Classe della fisica sanitaria;SAS-5016;SS;
SCSAS50056;Classe delle Chirurgie generali;SAS-5005-6;SC;
SCSAS50066;Classe delle Chirurgie specialistiche;SAS-5006-6;SC;
SVSAV5101;Classe della Sanità animale;SAV-5101;SV;
SVSAV5102;Classe dell'igiene della produzione, trasformazione, commercializzazione, conservazione e trasporto degli alimenti di origine animale e loro derivati;SAV-5102;SV;
SVSAV5103;Classe dell'igiene degli allevamenti e delle produzioni zootecniche;SAV-5103;SV;
SBSAB5201;Beni archeologici;SAB-5201;SB;
SBSAB5202;Beni architettonici e del paesaggio;SAB-5202;SB;
SBSAB5203;Beni storici artistici;SAB-5203;SB;
SBSAB5204;Beni archivistici e librari;SAB-5204;SB;
SBSAB5205;Beni demoetnoantropologici;SAB-5205;SB;
SBSAB5206;Beni musicali;SAB-5206;SB;
SBSAB5207;Beni scientifici e tecnologici;SAB-5207;SB;
SBSAB5208;Beni naturali e territoriali;SAB-5208;SB;
SPSAP5301;Area psicologica;SAP-5301;SP;
SPSAP5303;Area psicologica dm 10/3/2010;SAP-5303;SP;
SRSAR5401;Valutazione e Gestione del Rischio Chimico;SAR-5401;SR;
SDSAS5501;Classe della Medicina clinica generale e specialistica;SAS-5501;SD;
SDSAS5503;Classe delle Neuroscienze e scienze cliniche del comportamento;SAS-5503;SD;
SDSAS5504;Classe della Medicina clinica dell'età evolutiva;SAS-5504;SD;
SCSAS5505;Classe delle Chirurgie generali e specialistiche;SAS-5505;SC;
SCSAS5507;Classe delle Chirurgie del distretto testa e collo;SAS-5507;SC;
SCSAS5508;Classe delle Chirurgie cardio-toraco-vascolari;SAS-5508;SC;
SSSAS5509;Classe della Medicina diagnostica e di laboratorio;SAS-5509;SS;
SSSAS5510;Classe della diagnostica per immagini e radioterapia;SAS-5510;SS;
SSSAS5511;Classe dei servizi clinici specialistici;SAS-5511;SS;
SSSAS5512;Classe dei servizi clinici specialistici biomedici;SAS-5512;SS;
SSSAS5513;Classe delle specializzazioni in odontoiatria;SAS-5513;SS;
SSSAS5514;Classe della sanità pubblica;SAS-5514;SS;
SSSAS5515;Classe della farmaceutica;SAS-5515;SS;
SSSAS5516;Classe della fisica sanitaria;SAS-5516;SS;
SDSAS5517;Classe Medicina clinica generale e specialistica (4 anni);SAS-5517;SD;
SCSAS5518;Classe delle Chirurgie del distretto testa e collo (4 anni);SAS-5518;SC;
SSSAS5519;Classe dei servizi clinici specialistici (4 anni);SAS-5519;SS;
SSSAS5520;Classe della sanità pubblica;SAS-5520;SS;
SQSAP5601;Psicologia clinica;SAP-5601;SQ;
SQSAP5602;Psicologia del ciclo di vita;SAP-5602;SQ;
SQSAP5603;Neuropsicologia;SAP-5603;SQ;
SQSAP5604;Psicologia della salute;SAP-5604;SQ;
SQSAP5605;Valutazione psicologica e consulenza (counselling);SAP-5605;SQ;
TFA030;SCIENZE MOTORIE E SPORTIVE;A030;TF;
TFA032;MUSICA;A032;TF;
TFA033;TECNOLOGIA;A033;TF;
TFA043;ITALIANO, STORIA  E GEOGRAFIA NELLA SCUOLA SECONDARIA DI I GRADO;A043;TF;
TFA059;MATEMATICHE E SCIENZE NELLA SCUOLA SECONDARIA DI I GRADO;A059;TF;
TFA245;LINGUA STRANIERA (FRANCESE);A245;TF;
TFA345;LINGUA STRANIERA (INGLESE) ;A345;TF;
TFA080;ITALIANO NELLA SCUOLA MEDIA CON LINGUA DI INSEGNAMENTO SLOVENA;A080;TF;
TFA085;SLOVENO,STORIA ED EDCIVICA E GEOGRAFIA NELLA SCUOLA MEDIA CON LINGUA SLOVENA;A085;TF;
TFA090;CULTURA LADINA;A090;TF;
TFA091;ITALIANO (SECONDA LINGUA) NELLA SCUOLA MEDIA IN LINGUA TEDESCA;A091;TF;
TFA097;TEDESCO (SECONDA LINGUA) NELLA SCUOLA MEDIA IN LINGUA ITALIANA DELLA PROV DI BOLZANO;A097;TF;
TFA098;TEDESCO,STORIA ED ED.CIVICA,GEOGRAFIA SC.MEDIA LING.TEDESCA E CON LINGINS.TEDLOC.LAD;A098;TF;
TFA013;CHIMICA E TECNOLOGIE CHIMICHE;A013;TF;
TFA016;COSTRUZIONI, TECNOLOGIA DELLE COSTRUZIONI E DISEGNO TECNICO;A016;TF;
TFA017;DISCIPLINE ECONOMICO-AZIENDALI;A017;TF;
TFA019;DISCIPLINE GIURIDICHE ED ECONOMICHE;A019;TF;
TFA020;DISCIPLINE MECCANICHE E TECNOLOGIA;A020;TF;
TFA029;EDUCAZIONE FISICA NEGLI ISTITUTI E SCUOLE DI ISTRUZIONE SECONDARIA II GRADO;A029;TF;
TFA034;ELETTRONICA;A034;TF;
TFA035;ELETTROTECNICA ED APPLICAZIONI;A035;TF;
TFA036;FILOSOFIA, PSICOLOGIA E SCIENZE DELL'EDUCAZIONE;A036;TF;
TFA037;FILOSOFIA E STORIA;A037;TF;
TFA038;FISICA;A038;TF;
TFA039;GEOGRAFIA;A039;TF;
TFA042;INFORMATICA;A042;TF;
TFA047;MATEMATICA;A047;TF;
TFA048;MATEMATICA APPLICATA;A048;TF;
TFA049;MATEMATICA E FISICA;A049;TF;
TFA050;MATERIE LETTERARIE NEGLI ISTITUTI DI ISTRUZIONE SECONDARIA DI II GRADO;A050;TF;
TFA051;MATERIE LETTERARIE E LATINO NEI LICEI E NELL'ISTITUTO MAGISTRALE;A051;TF;
TFA052;MATERIE LETTERARIE, LATINO E GRECO NEL LICEO CLASSICO;A052;TF;
TFA057;SCIENZA DEGLI ALIMENTI;A057;TF;
TFA058;SCIENZE E MECCANICA AGRARIA, TECNICHE DI GESTIONE AZIENDALE, FITOPATOLOGIA ED ENTOMOLOGIA AGRARIA;A058;TF;
TFA060;SCIENZE NATURALI, CHIMICA E GEOGRAFIA, MICROBIOLOGIA;A060;TF;
TFA061;STORIA DELL'ARTE;A061;TF;
TFA071;TECNOLOGIA E DISEGNO TECNICO;A071;TF;
TFA072;TOPOGRAFIA GENERALE, COSTRUZIONI RURALI E DISEGNO;A072;TF;
TFA246;LINGUA E CIVILTA' STRANIERA (FRANCESE);A246;TF;
TFA346;LINGUA E CIVILTA' STRANIERA (INGLESE);A346;TF;
TFA446;LINGUA E CIVILTA' STRANIERA (SPAGNOLO);A446;TF;
TFA546;LINGUA E CIVILTA' STRANIERA (TEDESCO);A546;TF;
TFA646;LINGUA E CIVILTA' STRANIERA (RUSSO);A646;TF;
TFA111;LINGUA E CIVILTA' STRANIERA (CINESE);A111;TF;
TFA112;LINGUA E CIVILTA' STRANIERA (ARABO);A112;TF;
TFXXXX;Altra lingua straniera;XXXX;TF;
TFA081;LINGUA E LETTERE ITALIANE NEGLI ISTITUTI DI ISTRSECONDARIA DI II GRADO LINGUA SLOVENA;A081;TF;
TFA082;MATERIE LETTERARIE NEGLI ISTITUTI DI II GRADO DI LINGUA SLOVENA;A082;TF;
TFA083;MATERIE LETTERARIE E LATINO NEI LICEI E ISTITUTI MAGISTRALI DI LINGUA SLOVENA;A083;TF;
TFA084;MATERIE LETTERARIE, LATINO E GRECO NEI LICEI CLASSICI  DI LINGUA SLOVENA;A084;TF;
TFA086;DATTILOGRAFIA E STENOGRAFIA NEGLI ISTITUTI DI II GRADO DI LINGUA SLOVENA;A086;TF;
TFA087;TRATTAMENTO TESTI, CALCOLO, CONTAB.ELETTRON.ED  APPLICAZGESTIONALI CON LINGUA SLOVENA;A087;TF;
TFA092;LINGUA E LETTERE ITALIANE (SECONDA LINGUA) NEGLI ISTITUTI DI II GRADO IN LINGUA TEDESCA;A092;TF;
TFA093;MATERIE LETTERARIE NEGLI ISTITUTI DI II GRADO IN LINGUA TEDESCA E LOCLADINE;A093;TF;
TFA094;MATERIE LETTERARIE E LATINO NEI LICEI E IST.MAGISTRALI IN LINGUA TEDESCA E LOC.LADINE;A094;TF;
TFA095;MATERIE LETTERARIE, LATINO E GRECO NEI LICEI CLASSICI  IN LINGUA TEDESCA E LOC.LADINE;A095;TF;
TFA096;TEDESCO (SECLINGUA) NEGLI ISTITUTI DI II GRADO IN LINGITALDELLA PROV.BOLZANO;A096;TF;
TFA099;DATTILOGRAFIA E STENOGRAFIA NEGLI ISTITUTI DI II GRADO IN LINGUA TEDESCA E LOC.LADINE;A099;TF;
TFA100;TRATTAMENTO TESTI, CALCOLO, CONTAB.ELETTRONICA ED APPLICAZ. GESTION.LINGUA TEDESCA LOC.LAD;A100;TF;
TFC999;-;C999;TF;
TFA001;AEROTECNICA E COSTRUZIONI AERONAUTICHE;A001;TF;
TFA002;ANATOMIA, FISIOPATOLOGIA OCULARE E LABORATORIO DI MISURE OFTALMICHE;A002;TF;
TFA003;ARTE DEL DISEGNO ANIMATO;A003;TF;
TFA004;ARTE DEL TESSUTO DELLA MODA E DEL COSTUME;A004;TF;
TFA005;ARTE DEL VETRO;A005;TF;
TFA006;ARTE DELLA CERAMICA;A006;TF;
TFA007;ARTE DELLA FOTOGRAFIA E GRAFICA PUBBLICITARIA;A007;TF;
TFA008;ARTI DELLA GRAFICA E DELL'INCISIONE;A008;TF;
TFA009;ARTE DELLA STAMPA E DEL RESTAURO DEL LIBRO;A009;TF;
TFA010;ARTI DEI METALLI E DELL'OREFICERIA;A010;TF;
TFA011;ARTE MINERARIA;A011;TF;
TFA012;CHIMICA AGRARIA;A012;TF;
TFA014;CIRCOLAZIONE AEREA TELECOMUNICAZIONI AERONAUTICHE ED ESERCITAZIONI;A014;TF;
TFA015;COSTRUZIONI NAVALI E TEORIA DELLA NAVE;A015;TF;
TFA018;DISCIPLINE GEOMETRICHE, ARCHITETTONICHE ARREDAMENTO E SCENOTECNICA;A018;TF;
TFA021;DISCIPLINE PITTORICHE;A021;TF;
TFA022;DISCIPLINE PLASTICHE;A022;TF;
TFA023;DISEGNO E MODELLAZIONE ODONTOTECNICA;A023;TF;
TFA024;DISEGNO E STORIA DEL COSTUME;A024;TF;
TFA025;DISEGNO E STORIA DELL'ARTE;A025;TF;
TFA026;DISEGNO TECNICO;A026;TF;
TFA027;DISEGNO TECNICO ED ARTISTICO;A027;TF;
TFA028;ARTE E IMMAGINE;A028;TF;
TFA031;EDUCAZIONE MUSICALE NEGLI ISTITUTI DI ISTRUZIONE SECONDARIA DI II GRADO;A031;TF;
TFA040;IGIENE, ANATOMIA, FISIOLOGIA, PATOLOGIA GENERALE E DELL'APPARATO MASTICATORIO;A040;TF;
TFA041;IGIENE MENTALE E PSICHIATRIA INFANTILE;A041;TF;
TFA044;LINGUAGGIO PER LA CINEMATOGRAFIA E LA TELEVISIONE;A044;TF;
TFA046;LINGUA E CIVILTA' STRANIERA;A046;TF;
TFA053;METEOROLOGIA AERONAUTICA ED ESERCITAZIONI;A053;TF;
TFA054;MINERALOGIA E GEOLOGIA;A054;TF;
TFA055;NAVIGAZIONE AEREA ED ESERCITAZIONI;A055;TF;
TFA056;NAVIGAZIONE, ARTE NAVALE ED ELEMENTI DI COSTRUZIONI NAVALI;A056;TF;
TFA062;TECNICA DELLA REGISTRAZIONE DEL SUONO;A062;TF;
TFA063;TECNICA DELLA RIPRESA CINEMATOGRAFICA E TELEVISIVA;A063;TF;
TFA064;TECNICA E ORGANIZZAZIONE DELLA PRODUZIONE CINEMATOGRAFICA E TELEVISIVA;A064;TF;
TFA065;TECNICA FOTOGRAFICA;A065;TF;
TFA066;TECNOLOGIA CERAMICA;A066;TF;
TFA067;TECNOLOGIA FOTOGRAFICA, CINEMATOGRAFICA E TELEVISIVA;A067;TF;
TFA068;TECNOLOGIE DELL'ABBIGLIAMENTO;A068;TF;
TFA069;TECNOLOGIE  GRAFICHE ED IMPIANTI GRAFICI;A069;TF;
TFA070;TECNOLOGIE TESSILI;A070;TF;
TFA073;VITA DI RELAZIONE NEGLI ISTITUTI PROFESSIONALI DI STATO PER NON VEDENTI;A073;TF;
TFA074;ZOOTECNICA E SCIENZA DELLA PRODUZIONE ANIMALE;A074;TF;
TFA075;DATTILOGRAFIA E STENOGRAFIA;A075;TF;
TFA076;TRATTAMENTO TESTI, CALCOLO, CONTABILITA' ELETTRONICA ED APPLICAZIONI GESTIONALI;A076;TF;
TFA445;LINGUA STRANIERA (SPAGNOLO);A445;TF;
TFA545;LINGUA STRANIERA (TEDESCO);A545;TF;
TFA645;LINGUA STRANIERA (RUSSO);A645;TF;
TFA745;LINGUA STRANIERA (ALBANESE);A745;TF;
TFA746;LINGUA E CIVILTA' STRANIERA (ALBANESE);A746;TF;
TFA846;LINGUA E CIVILTA' STRANIERA (SLOVENO);A846;TF;
TFA946;LINGUA E CIVILTA' STRANIERA (SERBO-CROATO);A946;TF;
TFA998;CLASSE DI CONCORSO SOPPRESSA AI SENSI DEL D.M3.9.82;A998;TF;
TFA999;CLASSE DI CONCORSO SOPPRESSA AI SENSI DEL D.M3.9.82;A999;TF;
TFC010;ADDETTO ALL'UFFICIO TECNICO;C010;TF;
TFC020;ATTIVITA' PRATICHE SPECIALI;C020;TF;
TFC030;CONVERSAZIONE IN LINGUA STRANIERA;C030;TF;
TFC031;CONVERSAZIONE IN LINGUA STRANIERA (FRANCESE);C031;TF;
TFC032;CONVERSAZIONE IN LINGUA STRANIERA (INGLESE);C032;TF;
TFC033;CONVERSAZIONE IN LINGUA STRANIERA (SPAGNOLO);C033;TF;
TFC034;CONVERSAZIONE IN LINGUA STRANIERA (TEDESCO);C034;TF;
TFC035;CONVERSAZIONE IN LINGUA STRANIERA (RUSSO);C035;TF;
TFC036;CONVERSAZIONE IN LINGUA STRANIERA (ALBANESE);C036;TF;
TFC037;CONVERSAZIONE IN LINGUA STRANIERA (SLOVENO);C037;TF;
TFC038;CONVERSAZIONE IN LINGUA STRANIERA (SERBO CROATO);C038;TF;
TFC040;ESERCITAZIONI AERONAUTICHE;C040;TF;
TFC050;ESERCITAZIONI AGRARIE;C050;TF;
TFC060;ESERCITAZIONI CERAMICHE DI DECORAZIONE;C060;TF;
TFC070;ESERCITAZIONI DI ABBIGLIAMENTO E MODA;C070;TF;
TFC080;ESERCITAZIONI DI CIRCOLAZIONE AEREA;C080;TF;
TFC090;ESERCITAZIONI DI COMUNICAZIONI;C090;TF;
TFC100;ESERCITAZIONI DI DISEGNO ARTISTICO DI TESSUTI;C100;TF;
TFC110;ESERCITAZIONI DI ECONOMIA DOMESTICA;C110;TF;
TFC120;ESERCITAZIONI DI MODELLISMO, FORMATURE E PLASTICA, FOGGIATURA E RIFINITURA;C120;TF;
TFC130;ESERCITAZIONI DI ODONTOTECNICA;C130;TF;
TFC140;ESERCITAZIONI DI OFFICINA MECCANICA, AGRICOLA E DI MACCHINE AGRICOLE;C140;TF;
TFC150;ESERCITAZIONI DI PORTINERIA E PRATICA DI AGENZIA;C150;TF;
TFC160;ESERCITAZIONE DI TECNOLOGIA CERAMICA;C160;TF;
TFC170;ESERCITAZIONI DI TEORIA DELLA NAVE E DI COSTRUZIONI NAVALI;C170;TF;
TFC180;ESERCITAZIONI NAUTICHE;C180;TF;
TFC190;ESERCITAZIONI PRATICHE PER CENTRALINISTI TELEFONICI;C190;TF;
TFC200;ESERCITAZIONI PRATICHE DI OTTICA;C200;TF;
TFC210;GABINETTO FISIOTERAPICO;C210;TF;
TFC220;LABORATORIO DI TECNOL.TESSILI E DELL'ABBIGLIAMENTO E REPARTI DI LAVORAZ.TESSILI E ABBIGL;C220;TF;
TFC230;LABORATORIO DI AEROTECNICA, COSTRUZIONI E TECNOLOGIE AERONAUTICHE;C230;TF;
TFC240;LABORATORIO DI CHIMICA E CHIMICA INDUSTRIALE;C240;TF;
TFC250;LABORATORIO DI COSTRUZIONE, VERNICIATURA E RESTAURO DI STRUMENTI AD ARCO;C250;TF;
TFC260;LABORATORIO DI ELETTRONICA;C260;TF;
TFC270;LABORATORIO DI ELETTROTECNICA;C270;TF;
TFC280;LABORATORIO DI FISICA ATOMICA E NUCLEARE E STRUMENTI;C280;TF;
TFC290;LABORATORIO DI FISICA E FISICA APPLICATA;C290;TF;
TFC300;LABORATORIO DI INFORMATICA GESTIONALE;C300;TF;
TFC310;LABORATORIO DI INFORMATICA INDUSTRIALE;C310;TF;
TFC320;LABORATORIO MECCANICO-TECNOLOGICO;C320;TF;
TFC330;LABORATORIO DI OREFICERIA;C330;TF;
TFC340;LABORATORIO DI PROGETTAZIONE TECNICA PER LA CERAMICA;C340;TF;
TFC350;LABORATORIO DI TECNICA MICROBIOLOGICA;C350;TF;
TFC360;LABORATORIO DI TECNOLOGIA CARTARIA ED ESERCITAZIONI DI CARTIERA;C360;TF;
TFC370;LABORATORIO E REPARTI DI LAVORAZIONE DEL LEGNO;C370;TF;
TFC380;LABORATORIO E REPARTI DI LAVORAZIONE PER LE ARTI GRAFICHE;C380;TF;
TFC390;LABORATORIO E REPARTI DI LAVORAZIONE PER L'INDUSTRIA MINERARIA;C390;TF;
TFC400;LABORATORIO PER LE INDUSTRIE CERAMICHE;C400;TF;
TFC410;LABORATORIO TECNOLOGICO PER IL MARMO-REPARTI ARCHITETTURA, MACCHINE;C410;TF;
TFC420;LABORATORIO TECNOLOGICO PER IL MARMO-REPARTI SCULTURA,SMODELLATURA,DECORAZIONE E ORNATO;C420;TF;
TFC430;LABORATORIO TECNOLOGICO PER L'EDILIZIA ED ESERCITAZIONI DI TOPOGRAFIA;C430;TF;
TFC440;MASSOCHINESITERAPIA;C440;TF;
TFC450;METODOLOGIE OPERATIVE NEI SERVIZI SOCIALI;C450;TF;
TFC460;REPARTI DI LAVORAZIONE PER IL MONTAGGIO CINEMATOGRAFICO E TELEVISIVO;C460;TF;
TFC470;REPARTI DI LAVORAZIONE PER LA REGISTRAZIONE DEL SUONO;C470;TF;
TFC480;REPARTI DI LAVORAZIONE PER LA RIPRESA CINEMATOGRAFICA E TELEVISIVA;C480;TF;
TFC490;REPARTI DI LAVORAZIONE PER LE ARTI FOTOGRAFICHE;C490;TF;
TFC500;TECNICA DEI SERVIZI ED ESERCITAZIONI PRATICHE DI CUCINA;C500;TF;
TFC510;TECNICA DEI SERVIZI ED ESERCITAZIONI PRATICHE DI SALA BAR;C510;TF;
TFC520;TECNICA DEI SERVIZI E PRATICA OPERATIVA;C520;TF;
TFC555;ESERCITAZIONI DI PRATICA PROFESSIONALE;C555;TF;
TFD601;ARTE DELLA LAVORAZIONE DEI METALLI;D601;TF;
TFD602;ARTE DELL'OREFICERIA, DELLA LAVORAZIONE DELLE PIETRE DURE E DELLE GEMME;D602;TF;
TFD603;ARTE DEL DISEGNO D'ANIMAZIONE;D603;TF;
TFD604;ARTE DELLA RIPRESA E MONTAGGIO PER IL DISEGNO ANIMATO;D604;TF;
TFD605;ARTE DELLA TESSITURA E DELLA DECORAZIONE DEI TESSUTI;D605;TF;
TFD606;ARTE DELLA LAVORAZIONE DEL VETRO E DELLA VETRATA;D606;TF;
TFD607;ARTE DEL RESTAURO DELLA CERAMICA E DEL VETRO;D607;TF;
TFD608;ARTE DELLA DECORAZIONE E COTTURA DEI PRODOTTI CERAMICI;D608;TF;
TFD609;ARTE DELLA FORMATURA E FOGGIATURA;D609;TF;
TFD610;ARTE DELLA FOTOGRAFIA E DELLA CINEMATOGRAFIA;D610;TF;
TFD611;ARTE DELAA XILOGRAFIA, CALCOGRAFIA E LITOGRAFIA;D611;TF;
TFD612;ARTE DELLA SERIGRAFIA E DELLA FOTOINCISIONE;D612;TF;
TFD613;ARTE DELLA TIPOGRAFIA E DELLA GRAFICA PUBBLICITARIA;D613;TF;
TFD614;ARTE DEL TAGLIO E CONFEZIONE;D614;TF;
TFD615;ARTE DELLA DECORAZIONE PITTORICA E SCENOGRAFICA;D615;TF;
TFD616;ARTE DELLA MODELLISTICA, DELL'ARREDAMENTO E DELLA SCENOTECNICA;D616;TF;
TFD617;ARTE DELLA LEGATORIA E DEL RESTAURO DEL LIBRO;D617;TF;
TFD618;ARTE DELL'EBANISTERIA, DELL'INTAGLIO E DELL'INTARSIO;D618;TF;
TFD619;ARTE DELLE LACCHE, DELLA DORATURA E DEL RESTAURO;D619;TF;
TFD620;ARTE DEL MOSAICO E DEL COMMESSO;D620;TF;
TFD621;ARTE DELLA LAVORAZIONE DEL MARMO E DELLA PIETRA;D621;TF;
TFD622;LABORATORIO TECNOLOGICO DELLE ARTI DELLA CERAMICA DEL VETRO E DEL CRISTALLO;D622;TF;
TFF010;ACCOMPAGNATORI AL PIANOFORTE;F010;TF;
TFF020;ARMONIA COMPLEMENTARE;F020;TF;
TFF030;ARMONIA CONTRAPPUNTO FUGA E COMPOSIZIONE;F030;TF;
TFF040;ARMONIA E CONTRAPPUNTO;F040;TF;
TFF050;ARPA;F050;TF;
TFF060;ARTE SCENICA;F060;TF;
TFF070;BIBLIOTECARIO;F070;TF;
TFF080;CANTO;F080;TF;
TFF090;CHITARRA;F090;TF;
TFF100;CLARINETTO;F100;TF;
TFF110;CLAVICEMBALO;F110;TF;
TFF120;COMPOSIZIONE POLIFONICA VOCALE;F120;TF;
TFF130;CONTRABBASSO;F130;TF;
TFF140;CORNO;F140;TF;
TFF150;DIREZIONE D'ORCHESTRA;F150;TF;
TFF160;ESERCITAZIONI CORALI;F160;TF;
TFF170;ESERCITAZIONI ORCHESTRALI;F170;TF;
TFF180;FAGOTTO;F180;TF;
TFF190;FLAUTO;F190;TF;
TFF200;LETTERATURA ITALIANA;F200;TF;
TFF210;LETTERATURA POETICA E DRAMMATICA;F210;TF;
TFF220;LETTURA DELLA PARTITURA;F220;TF;
TFF230;MUSICA CORALE E DIREZIONE DI CORO;F230;TF;
TFF240;MUSICA DA CAMERA;F240;TF;
TFF250;MUSICA D'INSIEME STRUMENTI AD ARCO;F250;TF;
TFF260;MUSICA D'INSIEME STRUMENTI A FIATO;F260;TF;
TFF280;OBOE;F280;TF;
TFF290;ORGANO E COMPOSIZIONE ORGANISTICA;F290;TF;
TFF300;ORGANO COMPLEMENTARE E CANTO GREGORIANO;F300;TF;
TFF310;PIANOFORTE;F310;TF;
TFF320;PIANOFORTE COMPLEMENTARE;F320;TF;
TFF330;STORIA DELLA MUSICA E STORIA ED ESTETICA MUSICALE;F330;TF;
TFF340;STRUMENTAZIONE PER BANDA;F340;TF;
TFF350;TEORIA SOLFEGGIO E DETTATO MUSICALE;F350;TF;
TFF360;TROMBA E TROMBONE;F360;TF;
TFF370;VIOLA;F370;TF;
TFF380;VIOLA COMPLEMENTARE;F380;TF;
TFF390;VIOLINO;F390;TF;
TFF400;VIOLINO COMPLEMENTARE;F400;TF;
TFF410;VIOLONCELLO;F410;TF;
TFF420;MUSICA SACRA;F420;TF;
TFF430;FUGA E COMPOSIZIONE;F430;TF;
TFF440;SASSOFONO;F440;TF;
TFF450;STRUMENTI A PERCUSSIONE;F450;TF;
TFF460;BASSO TUBA;F460;TF;
TFF470;PEDAGOGIA MUSICALE PER DIDATTICA DELLA MUSICA;F470;TF;
TFF480;ELEMENTI DI COMPOSIZIONE PER DIDATTICA DELLA MUSICA;F480;TF;
TFF490;DIREZIONE DI CORO E REPERTORIO CORALE PER DIDATTICA DELLA MUSICA;F490;TF;
TFF500;STORIA DELLA MUSICA PER DIDATTICA DELLA MUSICA;F500;TF;
TFF510;PRATICA DELLA LETTURA VOCALE E PIANISTICA PER DIDATTICA DELLA MUSICA;F510;TF;
TFF520;FISARMONICA;F520;TF;
TFF530;FLAUTO DOLCE;F530;TF;
TFF540;JAZZ;F540;TF;
TFF550;LIUTO;F550;TF;
TFF560;MANDOLINO;F560;TF;
TFF570;MUSICA ELETTRONICA;F570;TF;
TFF580;MUSICA VOCALE DA CAMERA;F580;TF;
TFF590;PREPOLIFONIA;F590;TF;
TFF600;VIOLA DA GAMBA;F600;TF;
TFG010;PITTURA;G010;TF;
TFG020;SCULTURA;G020;TF;
TFG030;SCENOGRAFIA;G030;TF;
TFG040;DECORAZIONE;G040;TF;
TFG060;STILE, STORIA DELL'ARTE E DEL COSTUME;G060;TF;
TFG070;ANATOMIA ARTISTICA;G070;TF;
TFG080;TECNICHE DELL'INCISIONE;G080;TF;
TFG090;PLASTICA ORNAMENTALE;G090;TF;
TFG100;TECNICHE GRAFICHE SPECIALI;G100;TF;
TFG110;TECNICHE DI FONDERIA;G110;TF;
TFG120;TECNICHE DELLA SCULTURA;G120;TF;
TFG130;RESTAURO IND1;G130;TF;
TFG140;RESTAURO IND2;G140;TF;
TFG150;RESTAURO IND3;G150;TF;
TFG160;ELEMENTI DI ARCHITETTURA E URBANISTICA;G160;TF;
TFG170;METODOLOGIA DELLA PROGETTAZIONE;G170;TF;
TFG180;MODELLISTICA;G180;TF;
TFG190;PEDAGOGIA E DIDATTICA DELL ' ARTE;G190;TF;
TFG200;FOTOGRAFIA;G200;TF;
TFG210;COSTUME PER LO SPETTACOLO;G210;TF;
TFG220;TEORIA E METODO DEI MASS MEDIA;G220;TF;
TFG230;TEORIA DELLA PERCEZIONE E PSICOLOGIA DELLE FORME;G230;TF;
TFG240;DESIGN;G240;TF;
TFG250;SCENOTECNICA;G250;TF;
TFG260;STORIA DELLO SPETTACOLO;G260;TF;
TFG270;TECNICHE PITTORICHE;G270;TF;
TFG280;ESTETICA;G280;TF;
TFG290;STORIA E METODOLOGIA DELLA CRITICA D' ARTE;G290;TF;
TFG300;BENI CULTURALI E AMBIENTALI;G300;TF;
TFG310;ANTROPOLOGIA CULTURALE;G310;TF;
TFG320;REGIA;G320;TF;
TFG330;TECNICHE ED USO DEL MARMO, DELLE PIETRE E DELLE PIETRE DURE;G330;TF;
TFG340;FENOMENOLOGIA DELLE ARTI CONTEMPORANEE;G340;TF;
TFH010;ASSISTENTE DI PITTURA;H010;TF;
TFH020;ASSISTENTE DI SCULTURA;H020;TF;
TFH030;ASSISTENTE DI SCENOGRAFIA;H030;TF;
TFH040;ASSISTENTE DI DECORAZIONE;H040;TF;
TFH060;ASSISTENTE DI STILE, STORIA DELL'ARTE E DEL COSTUME;H060;TF;
TFH070;ASSISTENTE DI ANATOMIA ARTISTICA;H070;TF;
TFH080;ASSISTENTE DI TECNICHE DELL'INCISIONE;H080;TF;
TFH090;ASSISTENTE DI PLASTICA ORNAMENTALE;H090;TF;
TFL010;TEORIA DELLA PERCEZIONE E PSICOLOGIA DELLA FORMA;L010;TF;
TFL020;TEORIA E METODO DEI MASS MEDIA;L020;TF;
TFL030;PEDAGOGIA E DIDATTICHE SPECIALI DELL'INSEGNAMENTO;L030;TF;
TFL040;TECNICA DELLA FOTOGRAFIA;L040;TF;
TFL050;TECNICHE GRAFICHE SPECIALI;L050;TF;
TFL060;MODELLISTICA;L060;TF;
TFL070;ASPETTI PROPEDEUTICI E METODOLOGICI DELLA PROGETTAZIONE;L070;TF;
TFM011;TECNICHE PITTORICHE;M011;TF;
TFM012;RESTAURO (ANALISI STORICA,CRITICA,TECNICA, METODOLOGIA  D'INTERVENTO);M012;TF;
TFM013;DESIGN (TECNICA E METODO PROGETTUALE);M013;TF;
TFM014;ASPETTI STORICI E SOCIO-ECONOMICI DELLA PROGETTAZIONE;M014;TF;
TFM021;TECNOLOGIA ED USO DEL MARMO, DELLE PIETRE E DELLE PIETRE DURE;M021;TF;
TFM022;TECNOLOGIA ED USO DELLE ARENARIE E DEI MATERIALI SINTETICI;M022;TF;
TFM023;TECNICHE DI FONDERIA (TEORIA E PRATICA DI FORMATURA E  DI MICRO E MACRO FUSIONE);M023;TF;
TFM031;STORIA DELLO SPETTACOLO, DEL COSTUME TEATRALE EDELLE   ARTI SCENICHE;M031;TF;
TFM032;SCENOTECNICA;M032;TF;
TFM033;ELEMENTI DI ARCHITETTURA E URBANISTICA;M033;TF;
TFM034;TECNICHE DEL COSTUME TEATRALE;M034;TF;
TFM040;BENI CULTURALI;M040;TF;
TFM050;ELEMENTI DI LETTERATURA MODERNA E CONTEMPORANEA;M050;TF;
TFM060;ILLUMINOTECNICA;M060;TF;
TFM070;NUOVI MATERIALI E STRUTTURE LINGUAGGIO VISIVO;M070;TF;
TFM080;STORIA DEL COSTUME;M080;TF;
TFM090;STORIA DELL'ARTE CONTEMPORANEA E PROBLEMI DELLE AVANGUARDIE;M090;TF;
TFM100;ESTETICA;M100;TF;
TFM110;ANTROPOLOGIA CULTURALE E SOCIOLOGIA DELL'ARTE;M110;TF;
TFM120;RICERCA E TECNICA DEI MATERIALI ARTISTICI DELLA SCULTURA;M120;TF;
TFM130;SEMIOLOGIA;M130;TF;
TFM140;STUDIO DELL'AMBIENTE E TECNICHE DI RAPPRESENTAZIONE;M140;TF;
TFM150;ARREDAMENTO TEATRALE;M150;TF;
TFM160;ANTROPOLOGIA CULTURALE-ETNOLOGIA;M160;TF;
TFM170;TEORIA E TECNICA DELLA RIPRESA CINEMATOGRAFICA;M170;TF;
TFM180;MACCHINERIA TEATRALE;M180;TF;
TFM190;ESTETICA SPERIMENTALE;M190;TF;
TFM200;ARCHEOLOGIA;M200;TF;
TFM210;RICERCHE SOCIOLOGICHE NELL'ARTE;M210;TF;
TFM220;GRAFICA PUBBLICITARIA;M220;TF;
TFM230;STUDIO TEC.VALORI ARTIST.SPONTANEI MEDIANTE ESPRES.GRAFICA,PLAST.,PITTANTICHITA' ITAL;M230;TF;
TFM240;TRADIZIONI POPOLARI ABRUZZESI;M240;TF;
TFM250;SOCIOLOGIA DELL'ARTE;M250;TF;
TFM260;STORIA E CIVILTA' DELL'UOMO;M260;TF;
TFM270;ELEMENTI DI REGIA;M270;TF;
TFM280;TECNICHE DELL'ANIMAZIONE;M280;TF;
TFM290;STORIA DELLA MUSICA;M290;TF;
TFM300;RILEVAZIONE BENI CULTURALI;M300;TF;
TFM310;SCUOLA SERALE ARTEFICI;M310;TF;
TFM320;ELEMENTI DI STORIA POLITICA E SOCIALE;M320;TF;
TFM330;ARREDAMENTO;M330;TF;
TFM340;LETTERATURA CONTEMPORANEA;M340;TF;
TFM350;TECNICA DELLA REGIA;M350;TF;
TFM360;SERIGRAFIA;M360;TF;
TFM370;CORRENTI ARTISTICHE CONTEMPORANEE E D'AVANGUARDIA;M370;TF;
TFM380;MOSAICO;M380;TF;
TFM390;LETTERATURA ITALIANA E STRANIERA;M390;TF;
TFM400;CALCOGRAFIA;M400;TF;
TFM410;VARIE TECNICHE DELLA SCULTURA;M410;TF;
TFM420;FORMATURA;M420;TF;
TFM430;ELEMENTI DI REGIA TEATRALE, CINEMATOGRAFICA, TELEVISIVA;M430;TF;
TFM440;LAVORAZIONE DEL LEGNO;M440;TF;
TFM450;SCENOGRAFIA TELEVISIVA;M450;TF;
TFM460;STORIA DELLA CRITICA D'ARTE CONTEMPORANEA;M460;TF;
TFM470;CORRENTI ARTISTICHE CONTEMPORANEE;M470;TF;
TFM480;SCUOLA LIBERA DEL NUDO;M480;TF;
TFN010;ANALISI DELLA MUSICA;N010;TF;
TFN020;ASSISTENTE MUSICALE (RADIO,TV,DISCHI E APPARECCHIATURE ELETTRONICHE);N020;TF;
TFN030;BASSO TUBA;N030;TF;
TFN040;DIDATTICA DELLA MUSICA;N040;TF;
TFN050;DIREZIONE D'ORCHESTRA PER AVVIAMENTO AL TEATRO LIRICO;N050;TF;
TFAB77;Chitarra;AB77;TF;
TFN060;INFORMATICA MUSICALE;N060;TF;
TFAC77;Clarinetto;AC77;TF;
TFN070;ITALIANO, LATINO, STORIA ED EDUCAZIONE CIVICA;N070;TF;
TFAD77;Corno;AD77;TF;
TFAE77;Fagotto;AE77;TF;
TFN080;LINGUA STRANIERA;N080;TF;
TFAF77;Fisarmonica;AF77;TF;
TFN090;ACCORDATURA DI STRUMENTI A TASTIERA;N090;TF;
TFAG77;Flauto;AG77;TF;
TFN100;LIUTERIA;N100;TF;
TFN110;MANDOLINO;N110;TF;
TFN120;MUSICA ELETTRONICA;N120;TF;
TFN130;MUSICA JAZZ;N130;TF;
TFN140;MUSICA SACRA, LITURGICA, LITURGICA PREPOLIFONICA;N140;TF;
TFN150;MUSICA VOCALE DA CAMERA;N150;TF;
TFAH77;Oboe;AH77;TF;
TFN170;STORIA DELL'ARTE;N170;TF;
TFN180;STRUMENTI ANTICHI(LIUTO,FLAUTI DOLCI,VIOLA ETC.);N180;TF;
TFAI77;Percussioni;AI77;TF;
TFN200;PROPEDEUTICA MUSICALE;N200;TF;
TFAJ77;Pianoforte;AJ77;TF;
TFN210;COLLABORAZIONE PIANISTICA;N210;TF;
TFAK77;Saxofono;AK77;TF;
TFN220;CLARINETTO BASSO;N220;TF;
TFN230;DIZIONE, RECITAZIONE E STORIA DEL TEATRO;N230;TF;
TFAL77;Tromba;AL77;TF;
TFN240;MATERIE LETTERARIE;N240;TF;
TFN250;ORIENTAMENTO MUSICALE;N250;TF;
TFAM77;Violino;AM77;TF;
TFN260;PRATICA PIANISTICA;N260;TF;
TFP010;TECNICA DELLA DANZA;P010;TF;
TFP020;TEORIA DELLA DANZA;P020;TF;
TFP030;PROPEDEUTICA DELLA DANZA (CORSO STRAORDINARIO);P030;TF;
TFP040;STORIA DELLA DANZA;P040;TF;
TFP050;COMPOSIZIONE;P050;TF;
TFP060;ACCOMPAGNATORE AL PIANOFORTE;P060;TF;
TFP070;STORIA DELLA MUSICA;P070;TF;
TFP080;STORIA DELL'ARTE PER ACCADEMIA NAZIONALE DI DANZA;P080;TF;
TFP090;SOLFEGGIO;P090;TF;
TFP100;COMUNICAZIONI VISIVE (CORSO SPECIALE);P100;TF;
TFP110;INGLESE PRESSO ACCADEMIA NAZIONALE DI DANZA (CORSO SPECIALE);P110;TF;
TFP120;FRANCESE PRESSO ACCADEMIA NAZIONALE DI DANZA (CORSO SPECIALE);P120;TF;
TFP130;REPERTORIO (CORSO SPECIALE);P130;TF;
TFP140;ANATOMIA E FISIOLOGIA DEL MOVIMENTO (CORSO SPECIALE);P140;TF;
TFQ010;STORIA DELLO SPETTACOLO;Q010;TF;
TFQ020;STORIA DEL TEATRO;Q020;TF;
TFQ030;STORIA DELLA MUSICA;Q030;TF;
TFQ040;TRUCCO E MASCHERA;Q040;TF;
TFQ050;EDUCAZIONE ALLA VOCE;Q050;TF;
TFQ060;CANTO;Q060;TF;
TFQ070;DANZA;Q070;TF;
TFQ080;SCHERMA ED ACROBATICA;Q080;TF;
TFQ090;ACCOMPAGNATORE AL PIANOFORTE;Q090;TF;
TFAA77;Arpa;AA77;TF;
TFAN77;Violoncello;AN77;TF;
TFAA46;LINGUA e CIV. STRANIERA (CINESE);AA46;TF;
TFAB46;LINGUA e CIV. STRANIERA (GIAPPONESE);AB46;TF;
TFAC46;LINGUA e CIV. STRANIERA (EBRAICO);AC46;TF;
TFAD46;LINGUA e CIV. STRANIERA (ARABO);AD46;TF;
TFAE46;LINGUA e CIV. STRANIERA (NEOGRECO);AE46;TF;
TFAF46;LINGUA e CIV. STRANIERA (PORTOGHESE);AF46;TF;
TFAC02;A029,A030: EDUCAZIONE FISICA NEGLI ISTITUTI E SCUOLE DI ISTRUZIONE SECONDARIA II GRADO, SCIENZE MOTORIE E SPORTIVE;AC02;TF;
TFAC03;A031,A032: EDUCAZIONE MUSICALE NEGLI ISTITUTI DI ISTRUZIONE SECONDARIA DI II GRADO,  MUSICA;AC03;TF;
TFAC05;A043,A050: ITALIANO, STORIA  E GEOGRAFIA NELLA SCUOLA SECONDARIA DI I GRADO, MATERIE LETTERARIE NEGLI ISTITUTI DI ISTRUZIONE SECONDARIA DI II GRADO;AC05;TF;
TFAC06;A245,A246: LINGUA STRANIERA (FRANCESE), LINGUA E CIVILTA' STRANIERA (FRANCESE);AC06;TF;
TFAC07;A345,A346: LINGUA STRANIERA (INGLESE) , LINGUA E CIVILTA' STRANIERA (INGLESE);AC07;TF;
TFAC08;A445,A446: LINGUA STRANIERA (SPAGNOLO), LINGUA E CIVILTA' STRANIERA (SPAGNOLO);AC08;TF;
TFAC09;A545,A546: LINGUA STRANIERA (TEDESCO), LINGUA E CIVILTA' STRANIERA (TEDESCO);AC09;TF;
TFAC01;A025,A028: DISEGNO E STORIA DELL'ARTE, ARTE E IMMAGINE;AC01;TF;
PSA030PAS;SCIENZE MOTORIE E SPORTIVE;A030-PAS;PS;
PSA032PAS;EDUCAZIONE MUSICALE NELLA SCUOLA MEDIA;A032-PAS;PS;
PSA033PAS;EDUCAZIONE TECNICA NELLA SCUOLA MEDIA;A033-PAS;PS;
PSA043PAS;ITALIANO, STORIA  E GEOGRAFIA NELLA SCUOLA SECONDARIA DI I GRADO;A043-PAS;PS;
PSA059PAS;MATEMATICHE E SCIENZE NELLA SCUOLA SECONDARIA DI I GRADO;A059-PAS;PS;
PSA245PAS;LINGUA STRANIERA (FRANCESE);A245-PAS;PS;
PSA345PAS;LINGUA STRANIERA (INGLESE) ;A345-PAS;PS;
PSA080PAS;ITALIANO NELLA SCUOLA MEDIA CON LINGUA DI INSEGNAMENTO SLOVENA;A080-PAS;PS;
PSA085PAS;SLOVENO,STORIA ED EDCIVICA E GEOGRAFIA NELLA SCUOLA MEDIA CON LINGUA SLOVENA;A085-PAS;PS;
PSA097PAS;TEDESCO (SECONDA LINGUA) NELLA SCUOLA MEDIA IN LINGUA ITALIANA DELLA PROV DI BOLZANO;A097-PAS;PS;
PSA013PAS;CHIMICA E TECNOLOGIE CHIMICHE;A013-PAS;PS;
PSA016PAS;COSTRUZIONI, TECNOLOGIA DELLE COSTRUZIONI E DISEGNO TECNICO;A016-PAS;PS;
PSA017PAS;DISCIPLINE ECONOMICO-AZIENDALI;A017-PAS;PS;
PSA019PAS;DISCIPLINE GIURIDICHE ED ECONOMICHE;A019-PAS;PS;
PSA020PAS;DISCIPLINE MECCANICHE E TECNOLOGIA;A020-PAS;PS;
PSA029PAS;EDUCAZIONE FISICA NEGLI ISTITUTI E SCUOLE DI ISTRUZIONE SECONDARIA II GRADO;A029-PAS;PS;
PSA034PAS;ELETTRONICA;A034-PAS;PS;
PSA035PAS;ELETTROTECNICA ED APPLICAZIONI;A035-PAS;PS;
PSA036PAS;FILOSOFIA, PSICOLOGIA E SCIENZE DELL'EDUCAZIONE;A036-PAS;PS;
PSA037PAS;FILOSOFIA E STORIA;A037-PAS;PS;
PSA038PAS;FISICA;A038-PAS;PS;
PSA039PAS;GEOGRAFIA;A039-PAS;PS;
PSA042PAS;INFORMATICA;A042-PAS;PS;
PSA047PAS;MATEMATICA;A047-PAS;PS;
PSA048PAS;MATEMATICA APPLICATA;A048-PAS;PS;
PSA049PAS;MATEMATICA E FISICA;A049-PAS;PS;
PSA050PAS;MATERIE LETTERARIE NEGLI ISTITUTI DI ISTRUZIONE SECONDARIA DI II GRADO;A050-PAS;PS;
PSA051PAS;MATERIE LETTERARIE E LATINO NEI LICEI E NELL'ISTITUTO MAGISTRALE;A051-PAS;PS;
PSA052PAS;MATERIE LETTERARIE, LATINO E GRECO NEL LICEO CLASSICO;A052-PAS;PS;
PSA057PAS;SCIENZA DEGLI ALIMENTI;A057-PAS;PS;
PSA058PAS;SCIENZE E MECCANICA AGRARIA, TECNICHE DI GESTIONE AZIENDALE, FITOPATOLOGIA ED ENTOMOLOGIA AGRARIA;A058-PAS;PS;
PSA060PAS;SCIENZE NATURALI, CHIMICA E GEOGRAFIA, MICROBIOLOGIA;A060-PAS;PS;
PSA061PAS;STORIA DELL'ARTE;A061-PAS;PS;
PSA071PAS;TECNOLOGIA E DISEGNO TECNICO;A071-PAS;PS;
PSA072PAS;TOPOGRAFIA GENERALE, COSTRUZIONI RURALI E DISEGNO;A072-PAS;PS;
PSA246PAS;LINGUA E CIVILTA' STRANIERA (FRANCESE);A246-PAS;PS;
PSA346PAS;LINGUA E CIVILTA' STRANIERA (INGLESE);A346-PAS;PS;
PSA446PAS;LINGUA E CIVILTA' STRANIERA (SPAGNOLO);A446-PAS;PS;
PSA546PAS;LINGUA E CIVILTA' STRANIERA (TEDESCO);A546-PAS;PS;
PSA646PAS;LINGUA E CIVILTA' STRANIERA (RUSSO);A646-PAS;PS;
PSA081PAS;LINGUA E LETTERE ITALIANE NEGLI ISTITUTI DI ISTRSECONDARIA DI II GRADO LINGUA SLOVENA;A081-PAS;PS;
PSA082PAS;MATERIE LETTERARIE NEGLI ISTITUTI DI II GRADO DI LINGUA SLOVENA;A082-PAS;PS;
PSA001PAS;AEROTECNICA E COSTRUZIONI AERONAUTICHE;A001-PAS;PS;
PSA002PAS;ANATOMIA, FISIOPATOLOGIA OCULARE E LABORATORIO DI MISURE OFTALMICHE;A002-PAS;PS;
PSA003PAS;ARTE DEL DISEGNO ANIMATO;A003-PAS;PS;
PSA004PAS;ARTE DEL TESSUTO DELLA MODA E DEL COSTUME;A004-PAS;PS;
PSA006PAS;ARTE DELLA CERAMICA;A006-PAS;PS;
PSA007PAS;ARTE DELLA FOTOGRAFIA E GRAFICA PUBBLICITARIA;A007-PAS;PS;
PSA008PAS;ARTI DELLA GRAFICA E DELL'INCISIONE;A008-PAS;PS;
PSA009PAS;ARTE DELLA STAMPA E DEL RESTAURO DEL LIBRO;A009-PAS;PS;
PSA010PAS;ARTI DEI METALLI E DELL'OREFICERIA;A010-PAS;PS;
PSA011PAS;ARTE MINERARIA;A011-PAS;PS;
PSA012PAS;CHIMICA AGRARIA;A012-PAS;PS;
PSA014PAS;CIRCOLAZIONE AEREA TELECOMUNICAZIONI AERONAUTICHE ED ESERCITAZIONI;A014-PAS;PS;
PSA015PAS;COSTRUZIONI NAVALI E TEORIA DELLA NAVE;A015-PAS;PS;
PSA018PAS;DISCIPLINE GEOMETRICHE, ARCHITETTONICHE ARREDAMENTO E SCENOTECNICA;A018-PAS;PS;
PSA021PAS;DISCIPLINE PITTORICHE;A021-PAS;PS;
PSA022PAS;DISCIPLINE PLASTICHE;A022-PAS;PS;
PSA023PAS;DISEGNO E MODELLAZIONE ODONTOTECNICA;A023-PAS;PS;
PSA024PAS;DISEGNO E STORIA DEL COSTUME;A024-PAS;PS;
PSA025PAS;DISEGNO E STORIA DELL'ARTE;A025-PAS;PS;
PSA027PAS;DISEGNO TECNICO ED ARTISTICO;A027-PAS;PS;
PSA028PAS;EDUCAZIONE ARTISTICA;A028-PAS;PS;
PSA031PAS;EDUCAZIONE MUSICALE NEGLI ISTITUTI DI ISTRUZIONE SECONDARIA DI II GRADO;A031-PAS;PS;
PSA040PAS;IGIENE, ANATOMIA, FISIOLOGIA, PATOLOGIA GENERALE E DELL'APPARATO MASTICATORIO;A040-PAS;PS;
PSA044PAS;LINGUAGGIO PER LA CINEMATOGRAFIA E LA TELEVISIONE;A044-PAS;PS;
PSA053PAS;METEOROLOGIA AERONAUTICA ED ESERCITAZIONI;A053-PAS;PS;
PSA054PAS;MINERALOGIA E GEOLOGIA;A054-PAS;PS;
PSA055PAS;NAVIGAZIONE AEREA ED ESERCITAZIONI;A055-PAS;PS;
PSA056PAS;NAVIGAZIONE, ARTE NAVALE ED ELEMENTI DI COSTRUZIONI NAVALI;A056-PAS;PS;
PSA062PAS;TECNICA DELLA REGISTRAZIONE DEL SUONO;A062-PAS;PS;
PSA063PAS;TECNICA DELLA RIPRESA CINEMATOGRAFICA E TELEVISIVA;A063-PAS;PS;
PSA064PAS;TECNICA E ORGANIZZAZIONE DELLA PRODUZIONE CINEMATOGRAFICA E TELEVISIVA;A064-PAS;PS;
PSA065PAS;TECNICA FOTOGRAFICA;A065-PAS;PS;
PSA068PAS;TECNOLOGIE DELL'ABBIGLIAMENTO;A068-PAS;PS;
PSA069PAS;TECNOLOGIE  GRAFICHE ED IMPIANTI GRAFICI;A069-PAS;PS;
PSA070PAS;TECNOLOGIE TESSILI;A070-PAS;PS;
PSA074PAS;ZOOTECNICA E SCIENZA DELLA PRODUZIONE ANIMALE;A074-PAS;PS;
PSA075PAS;DATTILOGRAFIA E STENOGRAFIA;A075-PAS;PS;
PSA076PAS;TRATTAMENTO TESTI, CALCOLO, CONTABILITA' ELETTRONICA ED APPLICAZIONI GESTIONALI;A076-PAS;PS;
PSA445PAS;LINGUA STRANIERA (SPAGNOLO);A445-PAS;PS;
PSA545PAS;LINGUA STRANIERA (TEDESCO);A545-PAS;PS;
PSA746PAS;LINGUA E CIVILTA' STRANIERA (ALBANESE);A746-PAS;PS;
PSA846PAS;LINGUA E CIVILTA' STRANIERA (SLOVENO);A846-PAS;PS;
PSA946PAS;LINGUA E CIVILTA' STRANIERA (SERBO-CROATO);A946-PAS;PS;
PSC010PAS;ADDETTO ALL'UFFICIO TECNICO;C010-PAS;PS;
PSC020PAS;ATTIVITA' PRATICHE SPECIALI;C020-PAS;PS;
PSC031PAS;CONVERSAZIONE IN LINGUA STRANIERA (FRANCESE);C031-PAS;PS;
PSC032PAS;CONVERSAZIONE IN LINGUA STRANIERA (INGLESE);C032-PAS;PS;
PSC033PAS;CONVERSAZIONE IN LINGUA STRANIERA (SPAGNOLO);C033-PAS;PS;
PSC034PAS;CONVERSAZIONE IN LINGUA STRANIERA (TEDESCO);C034-PAS;PS;
PSC038PAS;CONVERSAZIONE IN LINGUA STRANIERA (SERBO CROATO);C038-PAS;PS;
PSC040PAS;ESERCITAZIONI AERONAUTICHE;C040-PAS;PS;
PSC050PAS;ESERCITAZIONI AGRARIE;C050-PAS;PS;
PSC070PAS;ESERCITAZIONI DI ABBIGLIAMENTO E MODA;C070-PAS;PS;
PSC080PAS;ESERCITAZIONI DI CIRCOLAZIONE AEREA;C080-PAS;PS;
PSC090PAS;ESERCITAZIONI DI COMUNICAZIONI;C090-PAS;PS;
PSC100PAS;ESERCITAZIONI DI DISEGNO ARTISTICO DI TESSUTI;C100-PAS;PS;
PSC110PAS;ESERCITAZIONI DI ECONOMIA DOMESTICA;C110-PAS;PS;
PSC130PAS;ESERCITAZIONI DI ODONTOTECNICA;C130-PAS;PS;
PSC140PAS;ESERCITAZIONI DI OFFICINA MECCANICA, AGRICOLA E DI MACCHINE AGRICOLE;C140-PAS;PS;
PSC150PAS;ESERCITAZIONI DI PORTINERIA E PRATICA DI AGENZIA;C150-PAS;PS;
PSC170PAS;ESERCITAZIONI DI TEORIA DELLA NAVE E DI COSTRUZIONI NAVALI;C170-PAS;PS;
PSC180PAS;ESERCITAZIONI NAUTICHE;C180-PAS;PS;
PSC190PAS;ESERCITAZIONI PRATICHE PER CENTRALINISTI TELEFONICI;C190-PAS;PS;
PSC200PAS;ESERCITAZIONI PRATICHE DI OTTICA;C200-PAS;PS;
PSC220PAS;LABORATORIO DI TECNOL.TESSILI E DELL'ABBIGLIAMENTO E REPARTI DI LAVORAZ.TESSILI E ABBIGL;C220-PAS;PS;
PSC230PAS;LABORATORIO DI AEROTECNICA, COSTRUZIONI E TECNOLOGIE AERONAUTICHE;C230-PAS;PS;
PSC240PAS;LABORATORIO DI CHIMICA E CHIMICA INDUSTRIALE;C240-PAS;PS;
PSC250PAS;LABORATORIO DI COSTRUZIONE, VERNICIATURA E RESTAURO DI STRUMENTI AD ARCO;C250-PAS;PS;
PSC260PAS;LABORATORIO DI ELETTRONICA;C260-PAS;PS;
PSC270PAS;LABORATORIO DI ELETTROTECNICA;C270-PAS;PS;
PSC280PAS;LABORATORIO DI FISICA ATOMICA E NUCLEARE E STRUMENTI;C280-PAS;PS;
PSC290PAS;LABORATORIO DI FISICA E FISICA APPLICATA;C290-PAS;PS;
PSC300PAS;LABORATORIO DI INFORMATICA GESTIONALE;C300-PAS;PS;
PSC310PAS;LABORATORIO DI INFORMATICA INDUSTRIALE;C310-PAS;PS;
PSC320PAS;LABORATORIO MECCANICO-TECNOLOGICO;C320-PAS;PS;
PSC330PAS;LABORATORIO DI OREFICERIA;C330-PAS;PS;
PSC350PAS;LABORATORIO DI TECNICA MICROBIOLOGICA;C350-PAS;PS;
PSC360PAS;LABORATORIO DI TECNOLOGIA CARTARIA ED ESERCITAZIONI DI CARTIERA;C360-PAS;PS;
PSC370PAS;LABORATORIO E REPARTI DI LAVORAZIONE DEL LEGNO;C370-PAS;PS;
PSC380PAS;LABORATORIO E REPARTI DI LAVORAZIONE PER LE ARTI GRAFICHE;C380-PAS;PS;
PSC390PAS;LABORATORIO E REPARTI DI LAVORAZIONE PER L'INDUSTRIA MINERARIA;C390-PAS;PS;
PSC420PAS;LABORATORIO TECNOLOGICO PER IL MARMO-REPARTI SCULTURA,SMODELLATURA,DECORAZIONE E ORNATO;C420-PAS;PS;
PSC430PAS;LABORATORIO TECNOLOGICO PER L'EDILIZIA ED ESERCITAZIONI DI TOPOGRAFIA;C430-PAS;PS;
PSC440PAS;MASSOCHINESITERAPIA;C440-PAS;PS;
PSC450PAS;METODOLOGIE OPERATIVE NEI SERVIZI SOCIALI;C450-PAS;PS;
PSC460PAS;REPARTI DI LAVORAZIONE PER IL MONTAGGIO CINEMATOGRAFICO E TELEVISIVO;C460-PAS;PS;
PSC470PAS;REPARTI DI LAVORAZIONE PER LA REGISTRAZIONE DEL SUONO;C470-PAS;PS;
PSC480PAS;REPARTI DI LAVORAZIONE PER LA RIPRESA CINEMATOGRAFICA E TELEVISIVA;C480-PAS;PS;
PSC490PAS;REPARTI DI LAVORAZIONE PER LE ARTI FOTOGRAFICHE;C490-PAS;PS;
PSC500PAS;TECNICA DEI SERVIZI ED ESERCITAZIONI PRATICHE DI CUCINA;C500-PAS;PS;
PSC510PAS;TECNICA DEI SERVIZI ED ESERCITAZIONI PRATICHE DI SALA BAR;C510-PAS;PS;
PSC520PAS;TECNICA DEI SERVIZI E PRATICA OPERATIVA;C520-PAS;PS;
PSD601PAS;ARTE DELLA LAVORAZIONE DEI METALLI;D601-PAS;PS;
PSD602PAS;ARTE DELL'OREFICERIA, DELLA LAVORAZIONE DELLE PIETRE DURE E DELLE GEMME;D602-PAS;PS;
PSD603PAS;ARTE DEL DISEGNO D'ANIMAZIONE;D603-PAS;PS;
PSD604PAS;ARTE DELLA RIPRESA E MONTAGGIO PER IL DISEGNO ANIMATO;D604-PAS;PS;
PSD605PAS;ARTE DELLA TESSITURA E DELLA DECORAZIONE DEI TESSUTI;D605-PAS;PS;
PSD608PAS;ARTE DELLA DECORAZIONE E COTTURA DEI PRODOTTI CERAMICI;D608-PAS;PS;
PSD609PAS;ARTE DELLA FORMATURA E FOGGIATURA;D609-PAS;PS;
PSD610PAS;ARTE DELLA FOTOGRAFIA E DELLA CINEMATOGRAFIA;D610-PAS;PS;
PSD611PAS;ARTE DELAA XILOGRAFIA, CALCOGRAFIA E LITOGRAFIA;D611-PAS;PS;
PSD612PAS;ARTE DELLA SERIGRAFIA E DELLA FOTOINCISIONE;D612-PAS;PS;
PSD613PAS;ARTE DELLA TIPOGRAFIA E DELLA GRAFICA PUBBLICITARIA;D613-PAS;PS;
PSD614PAS;ARTE DEL TAGLIO E CONFEZIONE;D614-PAS;PS;
PSD615PAS;ARTE DELLA DECORAZIONE PITTORICA E SCENOGRAFICA;D615-PAS;PS;
PSD616PAS;ARTE DELLA MODELLISTICA, DELL'ARREDAMENTO E DELLA SCENOTECNICA;D616-PAS;PS;
PSD618PAS;ARTE DELL'EBANISTERIA, DELL'INTAGLIO E DELL'INTARSIO;D618-PAS;PS;
PSD619PAS;ARTE DELLE LACCHE, DELLA DORATURA E DEL RESTAURO;D619-PAS;PS;
PSD620PAS;ARTE DEL MOSAICO E DEL COMMESSO;D620-PAS;PS;
PSD621PAS;ARTE DELLA LAVORAZIONE DEL MARMO E DELLA PIETRA;D621-PAS;PS;
PSD622PAS;LABORATORIO TECNOLOGICO DELLE ARTI DELLA CERAMICA DEL VETRO E DEL CRISTALLO;D622-PAS;PS;
PSAB77PAS;Chitarra;AB77-PAS;PS;
PSAC77PAS;Clarinetto;AC77-PAS;PS;
PSAD77PAS;Corno;AD77-PAS;PS;
PSAE77PAS;Fagotto;AE77-PAS;PS;
PSAF77PAS;Fisarmonica;AF77-PAS;PS;
PSAG77PAS;Flauto;AG77-PAS;PS;
PSAH77PAS;Oboe;AH77-PAS;PS;
PSAI77PAS;Percussioni;AI77-PAS;PS;
PSAJ77PAS;Pianoforte;AJ77-PAS;PS;
PSAK77PAS;Saxofono;AK77-PAS;PS;
PSAL77PAS;Tromba;AL77-PAS;PS;
PSAM77PAS;Violino;AM77-PAS;PS;
PSAA77PAS;Arpa;AA77-PAS;PS;
PSAN77PAS;Violoncello;AN77-PAS;PS;
PSA845PAS;LINGUA STRANIERA (SLOVENO) ;A845-PAS;PS;
PSAA46PAS;LINGUA E CIVILTA' STRANIERA CINESE;AA46-PAS;PS;
PSAB46PAS;LINGUA E CIVILTA' STRANIERA GIAPPONESE;AB46-PAS;PS;
CTCSS;Classe generica per il conseguimento della specializzazione per le attività di sostegno didattico;CSS;CT;
CLCLIL60;Generica classe per Perfezionamento insegnamento di disciplina non linguistica in lingua (60 CFU);CLIL-60;CL;
CLCLIL20;Generica classe per Perfezionamento insegnamento di disciplina non linguistica in lingua (20 CFU);CLIL-20;CL;
PSAA00PAS;INSEGNAMENTO SCUOLA PRIMARIA;AA00-PAS;PS;
PSEE00PAS;INSEGNAMENTO SCUOLA INFANZIA;EE00-PAS;PS;
